{
	"format_version": "1.8.0",
	"animations": {
		"animation.humanoids.new": {
			"animation_length": 1.6667,
			"bones": {
				"Body": {
					"position": [0, 19, 0]
				}
			}
		},
		"animation.humanoids.skin_walker": {
			"animation_length": 5,
			"bones": {
				"RightLeg": {
					"position": {
						"0.0": [0, 0, 0],
						"2.9583": [0, -0.22, 0],
						"3.0": [0, 16, 0]
					}
				},
				"Body": {
					"position": {
						"0.0": [0, 0, 0],
						"2.9583": [0, 0, 0],
						"3.0": [0, 16, 0]
					}
				},
				"LeftLeg": {
					"position": {
						"0.0": [0, 0, 0],
						"2.9583": [0, 0, 0],
						"3.0": [0, 16, 0]
					}
				},
				"Head": {
					"rotation": {
						"0.0": [0, 0, 0],
						"0.9167": [0, 0, 0],
						"0.9583": [67.5, 0, 0],
						"2.0": [68.98359, -0.10952, -0.13121],
						"2.0417": [-61.43412, 41.40817, -160.36901]
					}
				}
			}
		}
	}
}